{
  "lifelog": [
    1.375,
    343.0,
    2390.0,
    6015.0,
    3.0,
    347.0,
    330.0,
    14.0,
    20.0,
    7.0,
    210.0,
    45.0,
    85.0,
    7341.0,
    347.0,
    2970.0,
    7890.0,
    28260.0,
    89.0,
    49.45000076293945,
    1.0,
    14190.0,
    7922.0,
    14160.0,
    1.0,
    3210.0,
    34.0,
    25290.0,
    1.46875,
    532.0,
    2586.0,
    9823.0,
    0.0,
    395.0,
    314.0,
    53.0,
    0.0,
    4.0,
    216.0,
    217.0,
    0.0,
    11198.0,
    367.0,
    1980.0,
    5010.0,
    21000.0,
    91.0,
    50.400001525878906,
    1.0,
    11760.0,
    15658.0,
    10560.0,
    0.0,
    2250.0,
    33.0,
    19020.0,
    1.53125,
    577.0,
    2676.0,
    10297.0,
    3.0,
    464.0,
    312.0,
    67.0,
    23.0,
    11.0,
    199.0,
    241.0,
    0.0,
    12438.0,
    382.0,
    3420.0,
    6240.0,
    24540.0,
    86.0,
    48.61000061035156,
    1.0,
    11850.0,
    15240.0,
    12780.0,
    1.0,
    3030.0,
    32.0,
    21120.0
  ],
  "lifestyle": [
    1.0,
    1940.0,
    8.0,
    1.0,
    2.0,
    0.0,
    172.39999389648438,
    164.6999969482422,
    1.0,
    2.5999999046325684,
    40.0,
    0.0,
    0.20000000298023224,
    0.10000000149011612,
    3.4000000953674316,
    5.0
  ]
}